image_id,reason
184a184ac82d72d499f99b67d6a1c631,marks
87564cf996f25607b3f4a3c2c3738f03,marks
5c023def11d24939459afd3e3cb69620,marks
c176b834c3a5045ac074fb70637cfa8d,marks
428f0c9a110cf7cae62d620a4306ceaf,marks
ba63dbc59e855af29d4ebab53063d296,marks
e90abe191f61b6fed6d6781c8305fe4b,marks
15d988a363c6d81572a8ed9ccc3f46f6,marks
d170e740852da74410caa708246dc4de,marks
cb64b562b53fad75ad9a575bb9150c00,marks
38d5fe1d5718ada9a476c7690dfcfde0,marks
8b90a3312d9fc702a9ec8236e23065c7,marks
19963a5a3c42675307056e0be36851cf,marks
d6b1c8ca6037b5ddca5d2086975a643b,marks
e95c6d365351c83dc999465682628033,marks
3babb9b35e40e2bea17239a5a3ffeaec,marks
4a445aac57bd6e284f3ea4bd3ee9198f,marks
02e5b03f8ea7ea2787101b758291d162,marks
70f608a3fafa4e75e3201a78962109b0,marks
a08bb66f1450552e0f8d32b4e6a89254,marks
9e06a908007f1dd46183826db9e80511,marks
e4229a7cea9d61ea5485091142e2fd3e,marks
01dfcde514052a6dc35ea4407f41d6e1,marks
d844c98b020831cd13e0dbed2f72e719,marks
fac926289d51ddb79e2739d2b075d627,marks
4ff695dbae442434b502b0605fd14675,marks
4b7e051415b19b60bff4ee689eefdc7b,marks
8d042c218851d6c8385cb5f1e321ced6,marks
7ee503e117d755f91a4a5f75f643cb23,marks
ea9d52d65500acc9b9d89eb6b82cdcdf,marks
b75dff02d2f6c823b0a475ce346be0fb,marks
98744dbf48a8428f1cada3cd7782ac92,marks
b4375e422395f7dfdaa2619d18929446,marks
a308ca65706ab18e463dbfa9b0c12e3a,marks
f9404d959c3c8f6ece797507374dc386,marks
2268c3174c1c0890af7ae1bae4c8cd74,marks
1dd5d88d1e936e032ebb4840b46546f3,marks
51ea992db967a0b925588ee2eee322ab,marks
eefb2c8c791cf40c6a5ca8b131d475f4,marks
4b3f9fe89534fa5231f41be4a1a6c739,marks
6d2cf90cf2df03cf1d9f2eb38362f58d,marks
a807e743ad2020d229347aede1882a8f,marks
e726a8eac36c3d91c3c4f9edba8ba713,marks
44f20df33112cfc1ae49f18ee2efc913,marks
480dc522c58d59f6a6eb7b5351352d16,marks
7ef96252ee2a1ffe86730b31a54d12bc,marks
a8e5f38315214944e502edfdc986ea2f,marks
fb80c40073a4016bf384f408ec048f55,marks
8690e050e07c2c2aa86f442125b3424f,marks
f062f6c1128e0e9d51a76747d9018849,marks
160a477ebf1063575de0657e87aee1c2,marks
7680283193608f46ad4f0d95550c16a5,marks
8c8089988706688445a7a3ebb90c8e0a,marks
1f6da112dfe5edad33a992c7906ef1cc,marks
41da5a69cd944b9556aef7d8829db011,marks
714fe03e012bb674fd7f3fc8f6763c3e,marks
f6df497ddcb8f033d7c28c05fe242aaa,marks
b2af2b481ff84df45b02df098e9a8e46,marks
c7e47afdac1930aadc6630b2ffdb161b,marks
337917b03be19ec176ed5b3e77f6e55b,marks
1932ff2c873d7b98914c8bf50a32f263,marks
c8a621362f5189faa7df3a4e475126dc,marks
f6bdf05486c92f8f69be83c174756110,marks
a43ae1d4fbbb8606f3e38d2f21824b61,marks
bafd1d2508efae102d22e55633e9891f,marks
e08b3873a528bb51f5e099eddeedee5c,marks
fbc9a26a3d51bab4d032b1273fd5edf9,marks
1d05f36a330dd277b194f98a84a08ee8,marks
7e26b6fec976755158177577cf4c9183,marks
c7b6d326275eb46a2ec8b2e29439a99c,marks
8654f1e5bde97ee6dbb0c890aa9f10b3,marks
2a1c3373688904fcabbdeb4a177972f8,marks
da8a2cc5804ba27b9767059bb1a99e42,marks
ae91c33b37bf459a7e10f36209548637,marks
77c6467a0d8f88ea46a6544c06b092b1,marks
62202e376a671af629cc7c309561ff56,marks
d3108b3d03032e09e9c1f07492c110b8,marks
5e063bb2352ec2d6dfefa038d9bcb70d,marks
08347bf830e78903e36a81168c4342f9,marks
f81f26aac99df0845173c6f8e21ab71e,marks
5d68ab03ab12677506d8afb5b545c5b3,marks
c7a9409b4cc4821c6fb23346db4c2433,marks
c286cf324f3d429aaf5d3f903e5ce634,marks
1d5d638e25521b927dd533db4fadbd46,marks
a20eedc8f4a55e36f0bfc88bc5f8dd06,marks
95eeb46ecc4a9693119627fedb8df55c,marks
bdd7c058fbd05e43b11d0affb2e14dce,marks
72bd56326bacd70420b41ec463aae7e8,marks
f6c9168b817597a74b8e4e774988d698,marks
046b35ae95374bfb48cdca8d7c83233f,marks
ebc22b45eb3ad26c9d9883d912038f6d,marks
2a837ababa0cb124818a3b4852244711,marks
6f3aa87bfb96c835247c272ea0ea1848,marks
56c011c71edcba80e2c4fb87d1d0f26e,marks
501eb15b8ae1aa3507aaf0b3ba6ca231,marks
63640094b0365a514d60fc15e94de729,marks
fd0bb45eba479a7f7d953f41d574bf9f,marks
476f0dfb144aee7d5422dcc3b2b97a9f,marks
a10ba9a0d61fd41d9ca9aae25788504c,marks
daace2b519f2e64bb96e205344e39f50,marks
cb5ce5e8af1a91fda5efb238e2e54f58,marks
1c239449d7f8707211a0e6821848a1c1,marks
02e57c6acba29013ec3f1732ec373afe,marks
4517c109e23cf3b572373db82b519303,marks
536be1ccbccc0bf357bbc7e5e0a270c0,marks
f6224279854d1b5e5b41e7cd3182caef,marks
6bb4cd81976d643a0fdb67c50636d01c,marks
be24de51dde9ba0c9808dd4bbd28dda3,marks
7e33e3ef6468638fc307b42f5b78e98e,marks
4a3e6e77b42a7e8f8b2dec472667bdbe,marks
3754b01d3ce8fb9f89062dd30929b7f0,marks
162cd4fc05480042f1429d3eaed599d8,marks
cfdac1ca5172b91340648a9c1ed43a65,marks
f999e08da2e822cceea24d7201eec2bc,marks
623155cecfa8cc671054be004d6cb2cf,marks
920249b849efbeedab4cbfe37d735404,marks
0794712a5fdd9d31bdb4ea7c4f175054,marks
4e11f7a0a2623f4e9f110e81c3bd9683,marks
3aab40b14fab46f52f53a5f85bf8ea34,marks
3e96addcbf4c1869d8f520348646cd60,marks
e9f33468a68c94621a437aee8674be96,marks
a04e7045f6c84f25498e256ebff77ac2,marks
772161b22125c50b1d78d9b8c8a2bca2,marks
04f28a8f394396872b7a9ede5041a80c,marks
38ef6c8f4020a8fd27316f43493aec40,marks
be8ab2f5639440c2f2bb8680a2937d1e,marks
fb76b034689e5171652fab3ebc0a62a0,marks
8647686bb5a90fd797ab8ca2b9e40e1c,marks
da07bf2ac3a36b2ff58e35561f15613f,marks
99b5e6120fe11690a3f36994f2dba580,marks
3fa1e5427fd312f27072d99cb14a63d3,marks
77138e87f7edb07f8ba62c62652f47e5,marks
142bb88e0db1abb959a792eb24b646be,marks
787b336dec5e8a7dd9d993a9b23b773c,marks
89d9673df0dede5b57c52f98b43c1f9e,marks
86d4621be3deca4f8d461e3abce7d585,marks
f5d72b1f141a139c46446d263ceb5e7c,marks
96daa0c757713deeb2148c1952063648,marks
321320123f2c3f9cf54d408e903abdf9,marks
e59296cf7a004822a4cce233bcb221b3,marks
abf5960dc8f8c6ba6b9d987a6dc603c0,marks
9fa83904c27e09a6403eeb8dffe0b292,marks
ff10f937c3d52eff6ad4dd733f2bc3ac,marks
d6c1175d1961ea5a938d6a6ae26d2135,marks
cdb7663719497428b4d9243b76da3ace,marks
efe3e59db69aff7eaab601851bfe16c4,marks
cacafc88559ad26efe04463c52195f4c,marks
98b3643c066287fc7f2418dfb7317dba,marks
5e165e0f062426606dc1b5c217689129,marks
8ea5bb9e2220e1906653030284775e1a,marks
3f5ace05ae2e2cee322fdee09da53f0a,marks
6748bc59dcdccfef45a9f45c1dac18a1,marks
d19246d956e226f8a41ad8848482c5fe,marks
063528c18968c03f23e0c299bbba17e4,marks
f31359d4b52d6111001bd6a27a216821,marks
d02887ef5011de35ded020b2f1d6e922,marks
81b6b10c60f38572abf01c112ca59646,marks
d5c40ec532586debe95b6ff9f2233f0f,marks
cbe58732cb94078090d6a35b712e19d8,marks
fcf954f576b072584d4271144e57f6d3,marks
b3852036b9bab5f90891f5f18617b559,marks
82fbcd590d5506b7ce1122ee7159449d,marks
4466722a9c574e8572224b7e853d4f53,marks
2cd038d5c85feb0a8da44407e4fb6a5a,marks
0849749bd2b9fc46b88a56b4c47e4093,marks
db63c8584fb19a4425c8c80d86217af7,marks
17bf343efd84faecfcdbfcd7eda18280,marks
8efdb7429bd48a9e77862d5af5351267,marks
8a1520420384d8c11733edd40969effc,marks
42482ed25f9001ae44f6148432da91d7,marks
cb447241302fbb5026b7cd6837232331,marks
56e5d931e0c46a942e76aaa95485b9cd,marks
24f81c84fd8d2d14490060c548f7d9c1,marks
d2bc6a6beb7e4d86acecde314f99ce4c,marks
a5b9d82b7e211bf9e5d65ee738236366,marks
4e95048eb0c0413e5fc648b1447cf651,marks
9c37e4cad0a3fd8edae320d73c314e8c,marks
f0185737bdd21451a34f41515395244f,marks
63119b7889164b2153a2ec1c829ea853,marks
fcf3ef06a3601448061b7b1adda97b89,marks
e4778d4b43e8e8877770edbfb2d4b3c1,marks
fb01a0a69517bb47d7f4699b6217f69d,marks
feac91652a1c5accff08217d19116f1c,marks
e573d5bd029fefceb5463707eb41a03a,marks
aa9be7d9f82e983d21e2746078b877d9,marks
21f3767f9a827e5b9f64d2a47594ad27,marks
571ff890388328af4b5cc76183ce8189,marks
939821c6b92db7fa382c47c1c5c120e6,marks
ba07ed13e035af4f49a9d6830685024c,marks
735ed10b9f870ff45482454f55b1d807,marks
280220720b546eacfa223edf513ec94e,marks
6ac9e66e78a3eb76259395c7b3ed8dac,marks
c6b4ba956e1d4fbe744d6e2839b4a723,marks
d5c07be135c27ed55327536e81fbb1bc,marks
fe01b010f147bf3af7740f2f52b45da9,marks
28c2858a4d611799f6748464e1eb825d,marks
5f554a63b2a187b75a1764282fbf10b6,marks
2819283411c64ee7b3c4885044bcaa0a,marks
147269cb7bcf195c64d110a4d2c8987f,marks
78138d4fc0b8fceb04138cd44d4a4fdd,marks
516f93fd6b07daa49fb374122d2664c3,marks
86756422e5a91331c0fc069fd3f8bc8a,marks
fad0fe747acf40fa1fdba4a7d115d8e4,marks
cffe816dc2dae6fb3f918ed68148d26a,marks
c44346e3cf95312b241df6bb578ed119,marks
a9752cd05aa514a3102e9d8f0edeb8f7,marks
8ed11de0354e0571d6972983dfcefd60,marks
5beed3b27daf64fe7fbc4d065883826e,marks
fca2d821dcae271ea5e5851df2f41538,marks
28eaf92d73381366c785c97a675762a4,marks
ebc0cf09e9f77d222af0b8015c409a01,marks
2d972bda9d6baa13d47dbcfec586429e,marks
ee9d46e743ccade3196701a6068fa860,marks
83f94c8caeae1de1d931051fd1dec5c6,marks
944145f2933819f15c2c06746e839e97,marks
2442cc58025c02b3d153183bb0f65bd4,marks
b69f37414ea0d604250324f8bd0e10ec,marks
dacdcb2643b7fb7038e1f41cb31b4932,marks
0b60ac39ce977146c4bd7978d62bedeb,marks
30524fa719ca467beaeed0879835ae7a,marks
18157fa5a744739d34a3c498e4aa8dab,marks
1e1f00a9410f29e4d4c9920530d883c0,marks
06fb67ffa126811dad6ffb6ecdb8558b,marks
f39bf22d9a2f313425ee201932bac91a,marks
2d4511f3f129efc2865691aa75e5eb0a,marks
91b53c8308cd140ab55518b1df7a370d,marks
77d2d284e6b6962f2761d1d37797c465,marks
aa7000449538fe951e1c0dadc7ce9b44,marks
32ed7a2359cfebfb8db4eb360c784adf,marks
b6084b84b97f67f4bd6adbf1fb74f2d2,marks
a4edf7a1424c33511b31ce8b541c76e2,marks
8f2bf8045c49c8e298b02cb62b1c57c9,marks
216f065ac7c14bff00b1b64208a7c5ad,marks
87f54ef4d144fdbcc7a97541396e3a9b,marks
3e07800d6b2beb390b39f0c534bfd719,marks
0b73719f81c77051bb4b0ece8647a48e,marks
4f8ea724680d43c27a0a2f022fbee4d8,marks
4abd945d8f4651d4c8c8204db470a005,marks
a03e7ddadc046c8eaa40c95e416ad0a8,marks
2a8f8a39a833b8f141e0474b097fdb36,marks
fbed3981222546871069cdc71f07c996,marks
2f491a451632c349642a575a9275f8d8,marks
5ade4e241be260978daf1da130754c6a,marks
24ecf26ce811ea7f0116d7ea5388bc4a,marks
22c2e58ea58b90066e98d86bfb8a0baf,marks
c3064f9d63880b237fb22d242a88bac9,marks
b289df6139ddbf04d953c2c01ec60405,marks
15a3396c7f121c19977fb8cf543da766,marks
34c3b4aca1bfb10df42aff5eb5f87281,marks
f6fcdf840d82229dee867cc75a7dd721,marks
76511406b9d7b53a531f4205c0660a6b,marks
b20b5b841b6f7c1726599e067de01bae,marks
208025030fedd3a2e858890eff150f36,marks
e0df25d68711d044c43e0612d185732c,marks
da2502ee900c4fd5653d4433d05c8cde,marks
5de86ab9d9c631edb965696097e8dc92,marks
feee2e895355a921f2b75b54debad328,marks
acde9000c58a22bb2d5adea3a7be531a,marks
366cff575902d8a3e43cf0634e05d96c,marks
e439c55932821e4011f5c88291a80928,marks
3ad48056423f5a0710d13d943f112fe1,marks
294ceada24790459c1b9d4392fb07f4c,marks
8c6971bef31fe34c629d35910abce194,marks
da1bf67eeb0d10c8021d69a0d6128f15,marks
b58d4168888e852385cc411b9bf9b783,marks
1c3cb1efbcd042da9d3f1939f4c8418d,marks
dae6cec7cfe92958d8586bd9ac1d7383,marks
08e90c44bcfe29aa64beff429f94e291,marks
3b1a389348b3caccc230ca8693c52f93,marks
43fb03bd110f08e7c36fcbfcf43feccf,marks
caee5cd6d6691f96111daa9a32dd6431,marks
f964b9543ed1fcd3fcda049d744a50bd,marks
70084ac115617e9243c963abc3295fac,marks
5412642aeef99bc006be1cb1d8689ccd,marks
295e1526a3281254a94586b9980a3056,marks
bc57d58be4d2adc326b4dd33e892d143,marks
591a3db736f25c66b1261f01615e599b,marks
24307a99905df0ceeb4e945c0b876d16,marks
f93152017b2e6dc0e9c6dbbf0400d438,marks
5f0f7d362bd640eaef0be4076229a7ef,marks
0068d4c7529e34fd4c9da863ce01a161,marks
285e28ef159dc6a54e18cc1962136596,marks
ebb6d5ca45942536f78beb451ee43cc4,marks
c67388909d55149c1e66baa48a22cdb5,marks
2d1ab39f0ff6e7285467da5c26750d20,marks
8d96e24f96029fb89ad33d017f1fbcfc,marks
cb3e71bd3331bf85370d0a3a3071f47c,marks
cd8d74b77f1fc44b5fb034049913af43,marks
9f887e6311f6062c5741bfae853edb80,marks
501d3573cecce3ad9086a63df9794ebb,marks
3bdd92d91566a9719c76ca639db6a143,marks
929cb4d0ec760882129e1853b335af17,marks
63ec04bc1c32dd36fc1bfa2846a0c98f,marks
715ab49e9cccf79ffa3987714d818f79,marks
bde825d297da93b518ecc510d1f17dfe,marks
607fa473648e6c39d6eeaf4efcd9e898,marks
d2b1ee78b2dd9b89d02a1f4a1113a801,marks
6029eceba97e1f924eec2b51df4f8daf,marks
6a43f7e8b37e4f8a63ba3f178ef78016,marks
62f29d7816c09c527192a40eb137cc25,marks
79651b24fbb072aba80cd457ccee57f8,marks
166f7618e2d9e5c9b05e4dd358f7659e,marks
c88c9fb51014147f35ff0030161fb90f,marks
8ced08fd98400f0dc7d3b1ebb782eb7b,marks
ad52bc1015f33bb777ea49504f87988a,marks
05b09773ad1b34275f0b5adee3c650ab,marks
86ffb5b169bb7a72dffdf930233a446a,marks
df18ac8990e89990e4b908f4d77c3aa2,marks
8692eb523165283411d0ceef96c42592,marks
c5935769ea277fc625da007d693f7cf2,marks
c2ded53ea0656e34e71bc8993b90650d,marks
cf330aa80b0a7c79250822622cef45da,marks
a5f7e4be7d541aeab8b4b45f9a681300,marks
78df50e8abf5d8e54049be64afc39e92,marks
65ac6785f8184368e0a4a2e031b048d4,marks
79538de71a078ec7348f0340f8a7e995,marks
b74f213d6ea14c190b0f65a953d662dd,marks
f00ec753b5618cfb30519db0947fe724,marks
107694232cb071255848ddca5efbe061,marks
6d451a9fd1764df154ba4c19c16ad79f,marks
eb9821fc7f3a5af8d7b54a482478aaab,marks
0c4c5c0598098cb221d34dc154cca14f,marks
9800153dd8ccd37fc5453f60e6c77a78,marks
17f368585f7e3bd1a82bdfa88b85e5e1,marks
9362ecc68839f01d586019a2782f3552,marks
e9a4f528b33479412ee019e155e1a197,marks
94e121bc4a7091b881e8dd9b6c2be6b5,marks
8845e2a5497b43f86bb2ff4b8a0abd97,marks
beaeb46f623d7739758358065ecb0bab,marks
76a17a9705fd4ab2ccdcdd83fb7245ce,marks
ff20d2d7c321ffb900fdf00de6d2eefd,marks
3fbe2ab4f1952e0ffa467c88154b5b14,marks
87c150feed1c5b7c7b4f80739cfc1060,marks
955f09b99664b07b0cf18768c84f2253,marks
146767f7d93d3093f647e003c9fdb0bb,marks
af71c423997e01b837567d16bcced649,marks
8e3e843a0eebb79b5ed06f97c078eb87,marks
c0852776d3142ce132a90c6142bd7146,marks
ef78804e47bf8950bced09b56309ec0b,marks
9f8ffcb10930f5dd48949eceb79a869f,marks
9665b32251dfc1c438787d36e8b66dd0,marks
eaeb7f15cb0618d6091ef52e685ec284,marks
52d9b14996bd9f5c59cb765cd276f111,marks
be548af60fd350e776d30cbf208312bd,marks
fd6fe1a3985b17d067f2cb4d5bc1e6e1,marks
4758f0c0f3fbcc8dee2d2c898b4c40f5,marks
0e204892570cac5d8352fac145f1e66c,marks
e479a841de401149c4f149ebe92cec7e,marks
a74b7e612f31cff7ed905e3c92ae83d7,marks
026dcf3b549e8fb23143ea82023f58be,marks
f82ed3f5d1a4a974884f7180af4f9ba5,marks
6b47d60ee262e38e5bf082837c3ca24d,marks
d8e1bc485f60e8390bcef00dd924aaf4,marks
dfae643568b01d1f4ad5d86bac2f7994,marks
cc75ac1620668231d5cc98975937aad3,marks
ccc369b1011a0bf8ab0d11b2ac495bc8,marks
30dbd061bed3964c478e64269bb5870e,marks
fc8679d6d29a34f76d3c2c7f128b9f54,marks
c686992bf74305e9f9965fd85c15eb4d,marks
dd97a5aebd7c8ed6fb24da05ad92da74,marks
bc8042b8de3ce084219ac65217fc9e0a,marks
7ee441bf99f40865e465910785ea56ce,marks
b7376a7ff7ba49a02361e8a6db3ec5b0,marks
af1092d14c91de3eddbcb650f631c501,marks
6aa05e4c2cd649f22d309c40540b4230,marks
d5bf3e7b1d30bf762b03b60d88177b20,marks
8e9fa23bd67888cbddd7203f3a2db9fe,marks
a09f18e1b9cc5c4874d683b06dad9802,marks
a81c58ea428c6c69d39e3555c2ace373,marks
f6c0aa4b8c3f21c9077ea8bb373b4c84,marks
7adbbe8f689e5d5c0593855b056f7019,marks
5504b8b281b572e1da90774ff3f207c6,marks
c4b1a10db8b0cdece7a1498b2fcbda7f,marks
8fae0151f134c7499934dfe20c700eb9,marks
ad44ed31dfb798af63c0d7a8df2fe1c9,marks
6742b677fba068f36457e397969997a6,marks
ffe236a25d4cbed59438220799920749,marks
867b4fa9b0b2cc3aa0bafe948d72804a,marks
581a0ecff3a2c886dbf5725909d210fe,marks
d1baa7e7eae6ec14a7342a27ab6a4b37,marks
e3f0542a702cef736b649df9a3a98e8c,marks
1866ab99cc028bbb8ed656f1181215f1,marks
ebb6a080d72e09f6481721ef9f88c472,marks
4c2b7a2554d56944bbd074abfd206134,marks
eb62229279cd8ab73c9ca81171f14762,marks
b48211c0c0fba52fcc8d919d03ed005b,marks
0c625807666551dc07436779d1969b24,marks
896ffc56e018a333454c4889a28459a2,marks
ed5eca047605a7a754ebc7889f76df63,marks
917cd45a69cff65efa37f3946d4bb13a,marks
67e16e12cd58ddb642e5e2412b5807dc,marks
4da76442dc5402b98d767140b2661a58,marks
1a1229aa03a98248db658d6c2ae18478,marks
84def2e319d3289cb0bda6a3d252ec55,marks
b81f068ea8c90ec259cf9212bbc24c22,marks
96fe9eb038ba77992ff6fd1b16ae9427,marks
467f8386fb72e5fe9970db33c8791302,marks
b9af529d72fbbca473b126588296c1e5,marks
068b0e3be4c35ea983f77accf8351cc8,marks
d383a65adb84e2f3032f0c68246224eb,marks
ae8098ce32f49e4b96dda2dd5e02db2c,marks
d341e19a76135d79774f19f5e9ecc5a9,marks
fd3b376d8b119c3a43e93e57710616fd,marks
7c6e364decc2c2e63a40ee36a1694770,marks
5a112beb1fb4921df86062b489f41928,marks
73f6bfb643e1d0d8d3868b7f1f0cd33d,marks
af1411aecef861c7f39555f2a8b0e0d3,marks
dc10032bf598b0a3268074de4bb2d7b6,marks
d1ec2a1c9426ba4bcd9a5bb5fd047ee9,marks
45b107368018ae2d6174aa5c1c6aa29c,marks
8fb12946881047895dd14ed095a99367,marks
d6807acfabc838eb944b797b116d3fb4,marks
eca989843a1006206f8af3503b71b66c,marks
c3f6dfc5c801b1f2aed4c9e318bd015d,marks
6465a5ab1539fe69d2392408606dfade,marks
f0bb29042dfb17421aac02138f8e9d20,marks
4059e344d07af05771b57fc3c89a7549,marks
85e36b2e92010c5d08a31ade8df8089c,marks
71284c0b091060bd4d353a9e94c8a491,marks
94f40cc47de223f60b575e508378ca9f,marks
3848fce177d0cc469f4ca60d802445af,marks
40d6e4442b79b10865ca062d189c8913,marks
e8f7e16be2dbae2d6ac3cc218d9adb7c,marks
9693d8e04d91297655abf8424d769bef,marks
0880e72eb2ad3fd25067a4500a8f0016,marks
9b1ffef735e7269deed27dd7e8db6b42,marks
f065aa3e43c7259d03e12b11bc9deb1f,marks
2a484c7522f0a5e3a41654eb2c452fd8,marks
7fbd12db8dceaec4f97268f44853fc57,marks
b470c2276d978f63d5b1c8a5a9446212,marks
9c2eafb5480094f718bc40213531b7d5,marks
130019276ea41cbc9c01147481b1d6db,marks
0ad4f3538ae67d99a7dbfcc01b2d2dd8,marks
0f958c8bbbc828b2e043e49ea39e16e2,marks
c93d4db23236f4e9d44fb3e4966b0bd3,marks
8be88cbd606502cf980f721d57c1c794,marks
7f4419ddb342092c27f745f7962fa7cd,marks
77d849c7c5d20f1e604e304a8dd676ce,marks
09a0147a0d752216ce2c77c828bfc14b,marks
cd5ba6aadfeafe1aa567c7d18fe93660,marks
21da367ab5b9d2b74882cbd626042608,marks
d5cef9fcc30f71c7d24d00114bcfecd5,marks
5c9407c366d62c4e309a5fa61a48b7b7,marks
02146992e1884bf87012fd0d5d05cdb9,marks
4aac539cdb139eb4549013b591084c4f,marks
f746e9703e48b20b6c64c1b9dce29d8a,marks
00ca0c23961b5510be46c917be11c43e,marks
af6fbe10ab6b3bb50812e4c44b54438f,marks
5b35810de01fe586e598f49e17cfcecc,marks
eb846d2f14749c4913bf0affa0578d8d,marks
c74e766851d12e6c5775f1dacbe3843d,marks
10d22d845b6bdd506a53af379e7f0b20,marks
898c2d26d40846143d477f1b625971a1,marks
7ec551736c90480bb8a6fafa54f3bf97,marks
bc11ea87ebca072c04df741c44aeafb6,marks
a2c07e3585c5b8788b71534866e4be73,marks
a3ca38ce1d10c44103ba22d137be7c08,marks
8df43ebd07c7eb0eeac8346283dcb5f7,marks
63e71c21ffc027a4b9f256840072e28f,marks
ccf93fec7c1fccc631606b07af2342b9,marks
7baf8e46e8720b8b2d379d2ed3b776b2,marks
148121423c7bdd1892bf501a2d5a800b,marks
0c6c14ee4d822472a576f1f6650d79f0,marks
6ce244d5b0b2fba2749fa09ac4b02adb,marks
b0dc9662008d3c1d40f3b30d82a6ffe0,marks
9bc70f1bfc8dbca7c881616b0198edcb,marks
eea7a758b49d5765cc9a8fe2ed6599fc,marks
e3a34f11358350448279e275774a0263,marks
5005f9cc40ba417daf4ceefa86fab751,marks
7fdda19fabed1c92c7ec50194dc96371,marks
60a69fdcc33d3b859dfc2a1cc081254f,marks
501403e5c13c7b86bc9312d087a6e490,marks
599648926096c44487968b630f9b4fb9,marks
80628cfdceb87d93ff1bc91e23fb5c92,marks
c9c295e486e0f7f7dfb4f0fde6ff8240,marks
040b2c98538ec7ead1cbd6daacdb3f64,No Mask
05f2ae45ead3e5737d102656366752df,No Mask
0cbadddd6fd3eca47c33e48752f680cd,No Mask
0ebea13245a2b04ca3e6a482091e35d6,No Mask
11641ccf5569bc94de323bb50b7fec7e,No Mask
13ab419e772cf0dd8140f34f905bd918,No Mask
13aba34105b637fcf77e4efdc4ccaef4,No Mask
148b753bb4a61f27bc4f17c6d123e1ec,No Mask
1563523865810e5763f7f1dd1a30da85,No Mask
1a14633255dc8b2dd5a36fd6f3eaf839,No Mask
1aff7ddcd1864b0e2fa4fdf61e965a83,No Mask
2ac36a2e35654c0be9e818f9f9407807,No Mask
2d7eef10a777361cd0872f70dda344ba,No Mask
2f178956e9fc7df485c50395b9664b40,No Mask
31fd11d1920dede9f0fa0dcb35baa34e,No Mask
33105f777ddf03e095ed3350179b41da,No Mask
34b9896eebff5d0501dc23156b26f2b3,No Mask
3756141b86ca5f2afcacf5113d4e8f83,No Mask
3ac1b4146a8bea81e2ff2b1f2c0bb0c8,No Mask
3ae66332c2dd50c6ce458937d49f8232,No Mask
3ec8cdd4bcb971eea9c54d7dd1a49e1c,No Mask
41bfc11a16555808e8ddf2af836e6943,No Mask
458b3e1c2f1f56179d89fec4d56bd8d6,No Mask
4da79675b490fd611075cd6b84b83adb,No Mask
4e3f861386c391790eea8f0de4ab5015,No Mask
5037b3b05aec2c96a034ce9301a43326,No Mask
53f2d7fc3b642a8b6cc2d2780f6bb48b,No Mask
5477d1fe122c0b899b4be1634d3d8da5,No Mask
54f5546d5e8afe397e0180510148fb85,No Mask
5983afd79b3d81e4fa5d23eccdcac8c4,No Mask
5a4d7035c9741c06a1c38b4c7dccdba0,No Mask
5fcce7dc17349db4badc8e94e41f45eb,No Mask
632e75c2e505dca41ae57573e70932b9,No Mask
6437f1be7543631458919813cc6ba8cf,No Mask
6519a41ad0cd0eadde0cde1ee256d141,No Mask
663be089197be4c5f7f4a6e1718f9c50,No Mask
6806e41cd6048002dfa52e2f4ad88900,No Mask
685b3fd17cdb8da60494694df414dc20,No Mask
695c5b79a3c75deea1f333f56e305e85,No Mask
69cbb87f131ddaa6b2ea5e9b6694c01d,No Mask
6df7a3d8b4955d162fcc11bce003860a,No Mask
6ffaf27156505265f49d0dbc2d14a745,No Mask
741c3cea01151450aa8a04c021978b70,No Mask
746223e2679f7697dc6b6aad326a01df,No Mask
81e8daac3be77e62ac181304eec1ceec,No Mask
81f1706e615ff80757a041cf70d022f5,No Mask
829dd10a2effb3f6aad826dc06217f58,No Mask
84859c9c3bf27b78b300204cb328baf0,No Mask
90155f31bd058a8f7b959346103bdc0c,No Mask
933e0a326144bffd98a22ef54fa1466a,No Mask
990cfa4d540e7a0a0e90dd79bb82a527,No Mask
995d89d079e8b1e4e06217d3f7fd6d9e,No Mask
9b6513bd810e25a7b7f3bd91b4d16803,No Mask
a109197ed889dd998c52e3f9d0bd98f0,No Mask
a1385e79c61705772c03a7cd134c72e7,No Mask
a61bde5fa031a829eed61c44ea348963,No Mask
a65a4942b32e64ab56e8128575f81f9b,No Mask
a8ddb6294c3f4b9123471e92b3947b20,No Mask
aad60997596c9d820acb6cb4b39a32ca,No Mask
ac9f59ca466750dbc43bae3ade2676a3,No Mask
af964131a5f92d123d0fb1061e7aa24a,No Mask
af9a7c64f3218dcb1ed01cc10d3f7e50,No Mask
b28cbb288d6f8bb2f45895287a621f43,No Mask
b5d27a874ddb2c49f7a77e70b97e0021,No Mask
b5db121ca6ba4d979a6bef814d5fdb17,No Mask
b6808a211b62298e06b0ac7f30f29882,No Mask
b768b6c84849f2ba435eae0f5be52c76,No Mask
b94e363b5500bffeb841e2f5ddaad50b,No Mask
b9df338c2d3db201e2bd938ddbd1c913,No Mask
ba8bc951801ef17040b62f984c291d70,No Mask
bc6e1ebec08a9503689da9a095690dfe,No Mask
bd5aa0e284c6dc0b0b09513731f252a8,No Mask
bd68158ecb3eec132592d14fecc35cc0,No Mask
bd6f8389b1d1f39c832d30ab4df72816,No Mask
c3ca4a75be0055aefe79f6849804d62c,No Mask
c40fab4c4c3658f40cc9a73c8602d8d0,No Mask
c7664405d98a76f0b30a1c18b6ae270b,No Mask
cde2247ec66faa1d9ed7cb325d14bcd4,No Mask
ce703fe24b485beaf1668ffc3ec6c858,No Mask
d0115a12026bc4b8a10ad05fe4992ded,No Mask
d66e101c469f93f92262aa671d10feec,No Mask
d756b18ac015e7d53b31b5c8b50acabe,No Mask
d8dab9eef691dc2a83874a3560fbaddb,No Mask
d8e6c24dadbb377b6934a21ba7ce02c4,No Mask
da765c184811f60cbff3d669bb6bcc62,No Mask
dc4034659aa2ae3585cdbe6febd3540b,No Mask
e0f8b96960ada384a00e493545f783da,No Mask
e4e48b9bb72df7391a12304ccddffc4e,No Mask
e643797bc1d667d5b6a4f43ddd91c27b,No Mask
e6725d72152aee9323a8c8ba910828b5,No Mask
eafd9197171d786210aa97a3bd9f74e6,No Mask
eb15d508d434c2fede99f7227d03fb4d,No Mask
ec1a371b933875ff0a2b65e315838294,No Mask
eec36dafc7b16caaadf5418529dc29cd,No Mask
ef370f7b011f0c0303a7ae14fe0c0770,No Mask
ef528624c588c2f9d04c79d400f1aacc,No Mask
f12da90682826a7b149fc550722e14c4,No Mask
f9b2162716bb1679a53424b0e6bc7f9b,No Mask
fc9f4ed1a24d73f80ded47ebdd145dd3,No Mask
fd03054e356d9e95da6ebba5d9c7fb07,No Mask
3790f55cad63053e956fb73027179707,Background only
4a2ca53f240932e46eaf8959cb3f490a,Background only
aaa5732cd49bffddf0d2b7d36fbb0a83,Background only
e4215cfc8c41ec04a55431cc413688a9,Background only
004dd32d9cd167d9cc31c13b704498af,No cancerous tissue but ISUP Grade > 0
00d8a8c04886379e266406fdeff81c45,No cancerous tissue but ISUP Grade > 0
014006841b9807edc0ff277c4ab29b91,No cancerous tissue but ISUP Grade > 0
01dfcde514052a6dc35ea4407f41d6e1,No cancerous tissue but ISUP Grade > 0
053a397c936bffc98e62367a81d6c905,No cancerous tissue but ISUP Grade > 0
0e5806abc1cf909123d584e504dd9bf9,No cancerous tissue but ISUP Grade > 0
0e62a4cba998a03d20295e07ebc30958,No cancerous tissue but ISUP Grade > 0
0f914d1f044c187e6a5be7e996d877a9,No cancerous tissue but ISUP Grade > 0
102aaf6f71973e1fe82551918255ba58,No cancerous tissue but ISUP Grade > 0
102c1ec848392aabff3fb4df2aa3598b,No cancerous tissue but ISUP Grade > 0
1163571b3edf666ab3a1dd30686e7530,No cancerous tissue but ISUP Grade > 0
11edd2e754f196b7655508e0e3177fdf,No cancerous tissue but ISUP Grade > 0
158754df49e00760f8e4659a05e7cc0c,No cancerous tissue but ISUP Grade > 0
18566c8e26d5b14f599fc92acec008e0,No cancerous tissue but ISUP Grade > 0
1a60c75983db9d7a7d8acada5151700e,No cancerous tissue but ISUP Grade > 0
1f722fff98986499a0aea339cd05a75d,No cancerous tissue but ISUP Grade > 0
268dcbd78318c0108974c5f99e1dca78,No cancerous tissue but ISUP Grade > 0
294c41defe507592692b93bb10c33123,No cancerous tissue but ISUP Grade > 0
2a4acf0e2db5c6fab745a163af60259b,No cancerous tissue but ISUP Grade > 0
2ce127e7731155d1373bfbd0abdc368b,No cancerous tissue but ISUP Grade > 0
2e4281fa0f1f749d052579c9855476cf,No cancerous tissue but ISUP Grade > 0
3b994de767ea6fb282fe774f88f3fe3d,No cancerous tissue but ISUP Grade > 0
3c685ed0f92e30f6ffeb5cea7cef5994,No cancerous tissue but ISUP Grade > 0
3d459935dae8bbeb5bda9cfc40e4b3ab,No cancerous tissue but ISUP Grade > 0
3d667d7f5829b3d76b3b0cc52bd71719,No cancerous tissue but ISUP Grade > 0
3d7a6ed3325520d2325441bb3ede70ea,No cancerous tissue but ISUP Grade > 0
4031bad3ffbcd79f42330f3853bec9b2,No cancerous tissue but ISUP Grade > 0
44f60ac5d5d82e5c72d077e50701863d,No cancerous tissue but ISUP Grade > 0
49f0eacee68196c3e5b997ee6d82214e,No cancerous tissue but ISUP Grade > 0
501403e5c13c7b86bc9312d087a6e490,No cancerous tissue but ISUP Grade > 0
507bb5873324858d94e7ea6bd043fa66,No cancerous tissue but ISUP Grade > 0
50fb0ac6d41c214effff1c9cd462dd30,No cancerous tissue but ISUP Grade > 0
527d8fc0ea1ef55212f4f2ffd6c4ad68,No cancerous tissue but ISUP Grade > 0
5752b761672c420fc1df9cbaf860bcd6,No cancerous tissue but ISUP Grade > 0
5af447057c0eb2ca945c12c398f670f9,No cancerous tissue but ISUP Grade > 0
627aeb9327a85228458ad20ecd8d77c3,No cancerous tissue but ISUP Grade > 0
65b59d73dd788168afab76694d39529c,No cancerous tissue but ISUP Grade > 0
6ab7bc76941454c4ec71eb754f066f30,No cancerous tissue but ISUP Grade > 0
77e8a9d9718a78c7602a4cd5d1f98da5,No cancerous tissue but ISUP Grade > 0
7dd4b4c937f8c0ceb6a30e25391f45bf,No cancerous tissue but ISUP Grade > 0
7e7e6dac3271a6cad2744ae393328a36,No cancerous tissue but ISUP Grade > 0
821b7c89e5f5879c21cefcdeb0df1657,No cancerous tissue but ISUP Grade > 0
84da53ac6f8828a494a0a8c52a6cd158,No cancerous tissue but ISUP Grade > 0
896728c112dfe5f55662f5f17656e076,No cancerous tissue but ISUP Grade > 0
8a308bfd3df0d8bda517873600971a84,No cancerous tissue but ISUP Grade > 0
8be88cbd606502cf980f721d57c1c794,No cancerous tissue but ISUP Grade > 0
8d9e28e97edc6598da7df0b5b7c098d6,No cancerous tissue but ISUP Grade > 0
93f366029ac746d84ea2aea80cc998e8,No cancerous tissue but ISUP Grade > 0
9665b32251dfc1c438787d36e8b66dd0,No cancerous tissue but ISUP Grade > 0
9a9ca5c457ad34e83f7e83002c61550f,No cancerous tissue but ISUP Grade > 0
9c24ae764d87098d03faccc2e2a579d0,No cancerous tissue but ISUP Grade > 0
9d14c42db92e5ba66f97630b55e1724f,No cancerous tissue but ISUP Grade > 0
a01a079113eb9c126a407defe6571315,No cancerous tissue but ISUP Grade > 0
aa082e66a044358b7222c7e2fb499a2b,No cancerous tissue but ISUP Grade > 0
abefa7fbef36b2bcc0c67eebb672e820,No cancerous tissue but ISUP Grade > 0
b10aafff8d0a4c426090fc772b6075f0,No cancerous tissue but ISUP Grade > 0
b1a8dc23435d6fea4a7847fcf02f9374,No cancerous tissue but ISUP Grade > 0
b31da8462061d770024e293ca92e0086,No cancerous tissue but ISUP Grade > 0
b53d843700d9665439ec8791e4024d70,No cancerous tissue but ISUP Grade > 0
b5925cdedf4c9c40b4249a39bfbbe35a,No cancerous tissue but ISUP Grade > 0
b64b0fc3bbfde95fb265773a61962813,No cancerous tissue but ISUP Grade > 0
b65538bb9960f77e666ad4a6dcb6a77e,No cancerous tissue but ISUP Grade > 0
b9402571270ab62c1e0a690fd33fc9e6,No cancerous tissue but ISUP Grade > 0
bae0ff238ba5e0f675f06a72a383bcd6,No cancerous tissue but ISUP Grade > 0
bf282897514555144100efbee376bce1,No cancerous tissue but ISUP Grade > 0
c0852776d3142ce132a90c6142bd7146,No cancerous tissue but ISUP Grade > 0
c1b2ec5ced6e0232ca1cff1c559234f2,No cancerous tissue but ISUP Grade > 0
c2f90bbc5200609817a0745279582e72,No cancerous tissue but ISUP Grade > 0
c64c12966d164cd0bcc6bfef4ca95500,No cancerous tissue but ISUP Grade > 0
c867630b14137ca898056cb4eefe1696,No cancerous tissue but ISUP Grade > 0
cbad739adf8a8bf6803b77f81946f8a4,No cancerous tissue but ISUP Grade > 0
cdb7663719497428b4d9243b76da3ace,No cancerous tissue but ISUP Grade > 0
ce07aae37ab28e6276bcab332a9706c9,No cancerous tissue but ISUP Grade > 0
cfaec8e16eae41da6abd659145a865f7,No cancerous tissue but ISUP Grade > 0
d08bd91bd82152478e446b6c0aca6d4a,No cancerous tissue but ISUP Grade > 0
d14168b713f3ba30243a69837a001115,No cancerous tissue but ISUP Grade > 0
d3b6c2650c9f201f3ff4ad20faafc23a,No cancerous tissue but ISUP Grade > 0
d6b1c8ca6037b5ddca5d2086975a643b,No cancerous tissue but ISUP Grade > 0
eda25d74c2ca92594de5aab4cc100f5c,No cancerous tissue but ISUP Grade > 0
ee5e98f996430e0ba9152fafb562596e,No cancerous tissue but ISUP Grade > 0
eec44ee55b0dfc4a00a728d459a6c5bb,No cancerous tissue but ISUP Grade > 0
ef65ea2c6fcec3156ffb0034135f8d55,No cancerous tissue but ISUP Grade > 0
f1a7f32a0a9ed7c50796a10e150df72b,No cancerous tissue but ISUP Grade > 0
fe79209ab178c89a9be62bc05b63f083,No cancerous tissue but ISUP Grade > 0
ffc70bf605de30aaa936533397a29d9c,No cancerous tissue but ISUP Grade > 0
033e39459301e97e457232780a314ab7,tiss
0b6e34bf65ee0810c1a4bf702b667c88,tiss
3385a0f7f4f3e7e7b380325582b115c9,tiss
3790f55cad63053e956fb73027179707,tiss
5204134e82ce75b1109cc1913d81abc6,tiss
a08e24cff451d628df797efc4343e13c,tiss
3790f55cad63053e956fb73027179707,blank
4a2ca53f240932e46eaf8959cb3f490a,blank
3790f55cad63053e956fb73027179707,blank
e4215cfc8c41ec04a55431cc413688a9,blank
aaa5732cd49bffddf0d2b7d36fbb0a83,blank
